-- Seed Data for AviationIQ Phase 1
-- This file inserts realistic test data for development
-- NOTE: This seed bypasses RLS and assumes a clean database
-- NOTE: profiles cannot be seeded without real auth.users entries.
--       The damage_reports.reported_by and similar FK references to profiles
--       are left as the org UUID placeholder. Run this seed AFTER creating
--       test users via Supabase Auth, then update the FKs accordingly.
--       Alternatively, temporarily disable FK checks for development seeding.

-- Temporarily defer FK constraint checks for seeding
SET session_replication_role = 'replica';

-- =============================================================================
-- Organization
-- =============================================================================
INSERT INTO organizations (id, name, logo_url) VALUES
  ('a0000000-0000-0000-0000-000000000001', 'SkyBridge Ground Services', NULL);

-- =============================================================================
-- Stations
-- =============================================================================
INSERT INTO stations (id, organization_id, airport_code, airport_name, city, country) VALUES
  ('b0000000-0000-0000-0000-000000000001', 'a0000000-0000-0000-0000-000000000001', 'YYZ', 'Toronto Pearson International Airport', 'Toronto', 'Canada'),
  ('b0000000-0000-0000-0000-000000000002', 'a0000000-0000-0000-0000-000000000001', 'YUL', 'Montreal-Trudeau International Airport', 'Montreal', 'Canada'),
  ('b0000000-0000-0000-0000-000000000003', 'a0000000-0000-0000-0000-000000000001', 'YOW', 'Ottawa Macdonald-Cartier International Airport', 'Ottawa', 'Canada');

-- =============================================================================
-- Aircraft Types
-- =============================================================================
INSERT INTO aircraft_types (id, organization_id, code, name, manufacturer, category, transit_clean_duration_min, full_clean_duration_min, deep_clean_duration_min, default_turnaround_min) VALUES
  ('c0000000-0000-0000-0000-000000000001', 'a0000000-0000-0000-0000-000000000001', 'B738', 'Boeing 737-800', 'Boeing', 'narrow_body', 15, 35, 90, 45),
  ('c0000000-0000-0000-0000-000000000002', 'a0000000-0000-0000-0000-000000000001', 'A320', 'Airbus A320', 'Airbus', 'narrow_body', 15, 35, 90, 45),
  ('c0000000-0000-0000-0000-000000000003', 'a0000000-0000-0000-0000-000000000001', 'CRJ2', 'Bombardier CRJ-200', 'Bombardier', 'regional_jet', 10, 25, 60, 30),
  ('c0000000-0000-0000-0000-000000000004', 'a0000000-0000-0000-0000-000000000001', 'CRJ9', 'Bombardier CRJ-900', 'Bombardier', 'regional_jet', 12, 30, 75, 35),
  ('c0000000-0000-0000-0000-000000000005', 'a0000000-0000-0000-0000-000000000001', 'DH8D', 'De Havilland Q400', 'De Havilland', 'turboprop', 10, 25, 60, 30);

-- =============================================================================
-- Airline Clients
-- =============================================================================
INSERT INTO airline_clients (id, organization_id, name, code, contact_name, contact_email, safety_contact_email) VALUES
  ('d0000000-0000-0000-0000-000000000001', 'a0000000-0000-0000-0000-000000000001', 'MapleJet Regional', 'MJ', 'Sarah Chen', 'sarah.chen@maplejet.ca', 'safety@maplejet.ca'),
  ('d0000000-0000-0000-0000-000000000002', 'a0000000-0000-0000-0000-000000000001', 'NorthStar Air', 'NS', 'James Wright', 'james.wright@northstarair.ca', 'safety@northstarair.ca');

-- =============================================================================
-- SLA Configurations (for both airline clients)
-- =============================================================================
-- MapleJet Regional SLAs
INSERT INTO sla_configurations (organization_id, airline_client_id, event_type, max_duration_minutes) VALUES
  ('a0000000-0000-0000-0000-000000000001', 'd0000000-0000-0000-0000-000000000001', 'aircraft_arrival', 5),
  ('a0000000-0000-0000-0000-000000000001', 'd0000000-0000-0000-0000-000000000001', 'door_open', 3),
  ('a0000000-0000-0000-0000-000000000001', 'd0000000-0000-0000-0000-000000000001', 'deplaning_start', 2),
  ('a0000000-0000-0000-0000-000000000001', 'd0000000-0000-0000-0000-000000000001', 'deplaning_end', 15),
  ('a0000000-0000-0000-0000-000000000001', 'd0000000-0000-0000-0000-000000000001', 'cleaning_start', 5),
  ('a0000000-0000-0000-0000-000000000001', 'd0000000-0000-0000-0000-000000000001', 'cleaning_end', 35),
  ('a0000000-0000-0000-0000-000000000001', 'd0000000-0000-0000-0000-000000000001', 'boarding_start', 10),
  ('a0000000-0000-0000-0000-000000000001', 'd0000000-0000-0000-0000-000000000001', 'boarding_end', 20),
  ('a0000000-0000-0000-0000-000000000001', 'd0000000-0000-0000-0000-000000000001', 'door_close', 5),
  ('a0000000-0000-0000-0000-000000000001', 'd0000000-0000-0000-0000-000000000001', 'pushback', 5);

-- NorthStar Air SLAs
INSERT INTO sla_configurations (organization_id, airline_client_id, event_type, max_duration_minutes) VALUES
  ('a0000000-0000-0000-0000-000000000001', 'd0000000-0000-0000-0000-000000000002', 'aircraft_arrival', 5),
  ('a0000000-0000-0000-0000-000000000001', 'd0000000-0000-0000-0000-000000000002', 'door_open', 4),
  ('a0000000-0000-0000-0000-000000000001', 'd0000000-0000-0000-0000-000000000002', 'deplaning_start', 3),
  ('a0000000-0000-0000-0000-000000000001', 'd0000000-0000-0000-0000-000000000002', 'deplaning_end', 20),
  ('a0000000-0000-0000-0000-000000000001', 'd0000000-0000-0000-0000-000000000002', 'cleaning_start', 5),
  ('a0000000-0000-0000-0000-000000000001', 'd0000000-0000-0000-0000-000000000002', 'cleaning_end', 40),
  ('a0000000-0000-0000-0000-000000000001', 'd0000000-0000-0000-0000-000000000002', 'boarding_start', 15),
  ('a0000000-0000-0000-0000-000000000001', 'd0000000-0000-0000-0000-000000000002', 'boarding_end', 25),
  ('a0000000-0000-0000-0000-000000000001', 'd0000000-0000-0000-0000-000000000002', 'door_close', 5),
  ('a0000000-0000-0000-0000-000000000001', 'd0000000-0000-0000-0000-000000000002', 'pushback', 5);

-- =============================================================================
-- Flights (10 flights across 3 stations for today 2026-03-29)
-- =============================================================================
INSERT INTO flights (id, organization_id, station_id, airline_client_id, flight_number, aircraft_type_id, aircraft_registration, origin, destination, scheduled_arrival, scheduled_departure, actual_arrival, actual_departure, status, gate) VALUES
  -- YYZ flights
  ('e0000000-0000-0000-0000-000000000001', 'a0000000-0000-0000-0000-000000000001', 'b0000000-0000-0000-0000-000000000001', 'd0000000-0000-0000-0000-000000000001', 'MJ101', 'c0000000-0000-0000-0000-000000000001', 'C-FMJB', 'YUL', 'YYZ', '2026-03-29 08:00:00-04', '2026-03-29 09:15:00-04', '2026-03-29 07:55:00-04', NULL, 'on_track', 'B22'),
  ('e0000000-0000-0000-0000-000000000002', 'a0000000-0000-0000-0000-000000000001', 'b0000000-0000-0000-0000-000000000001', 'd0000000-0000-0000-0000-000000000001', 'MJ205', 'c0000000-0000-0000-0000-000000000002', 'C-FMJA', 'YOW', 'YYZ', '2026-03-29 10:30:00-04', '2026-03-29 12:00:00-04', '2026-03-29 10:45:00-04', NULL, 'delayed', 'B24'),
  ('e0000000-0000-0000-0000-000000000003', 'a0000000-0000-0000-0000-000000000001', 'b0000000-0000-0000-0000-000000000001', 'd0000000-0000-0000-0000-000000000002', 'NS330', 'c0000000-0000-0000-0000-000000000004', 'C-FNSA', 'YUL', 'YYZ', '2026-03-29 14:00:00-04', '2026-03-29 15:30:00-04', NULL, NULL, 'scheduled', 'C10'),
  ('e0000000-0000-0000-0000-000000000004', 'a0000000-0000-0000-0000-000000000001', 'b0000000-0000-0000-0000-000000000001', 'd0000000-0000-0000-0000-000000000002', 'NS440', 'c0000000-0000-0000-0000-000000000003', 'C-FNSB', 'YOW', 'YYZ', '2026-03-29 16:00:00-04', '2026-03-29 17:15:00-04', NULL, NULL, 'scheduled', 'C12'),

  -- YUL flights
  ('e0000000-0000-0000-0000-000000000005', 'a0000000-0000-0000-0000-000000000001', 'b0000000-0000-0000-0000-000000000002', 'd0000000-0000-0000-0000-000000000001', 'MJ102', 'c0000000-0000-0000-0000-000000000001', 'C-FMJC', 'YYZ', 'YUL', '2026-03-29 09:00:00-04', '2026-03-29 10:30:00-04', '2026-03-29 08:50:00-04', '2026-03-29 10:25:00-04', 'completed', 'A5'),
  ('e0000000-0000-0000-0000-000000000006', 'a0000000-0000-0000-0000-000000000001', 'b0000000-0000-0000-0000-000000000002', 'd0000000-0000-0000-0000-000000000001', 'MJ310', 'c0000000-0000-0000-0000-000000000005', 'C-FMJD', 'YOW', 'YUL', '2026-03-29 11:00:00-04', '2026-03-29 12:15:00-04', '2026-03-29 11:10:00-04', NULL, 'at_risk', 'A8'),
  ('e0000000-0000-0000-0000-000000000007', 'a0000000-0000-0000-0000-000000000001', 'b0000000-0000-0000-0000-000000000002', 'd0000000-0000-0000-0000-000000000002', 'NS220', 'c0000000-0000-0000-0000-000000000004', 'C-FNSC', 'YYZ', 'YUL', '2026-03-29 15:00:00-04', '2026-03-29 16:30:00-04', NULL, NULL, 'scheduled', 'B3'),

  -- YOW flights
  ('e0000000-0000-0000-0000-000000000008', 'a0000000-0000-0000-0000-000000000001', 'b0000000-0000-0000-0000-000000000003', 'd0000000-0000-0000-0000-000000000001', 'MJ410', 'c0000000-0000-0000-0000-000000000003', 'C-FMJE', 'YYZ', 'YOW', '2026-03-29 07:30:00-04', '2026-03-29 08:45:00-04', '2026-03-29 07:25:00-04', '2026-03-29 08:40:00-04', 'completed', 'G1'),
  ('e0000000-0000-0000-0000-000000000009', 'a0000000-0000-0000-0000-000000000001', 'b0000000-0000-0000-0000-000000000003', 'd0000000-0000-0000-0000-000000000002', 'NS550', 'c0000000-0000-0000-0000-000000000005', 'C-FNSD', 'YUL', 'YOW', '2026-03-29 12:00:00-04', '2026-03-29 13:15:00-04', '2026-03-29 12:05:00-04', NULL, 'on_track', 'G3'),
  ('e0000000-0000-0000-0000-000000000010', 'a0000000-0000-0000-0000-000000000001', 'b0000000-0000-0000-0000-000000000003', 'd0000000-0000-0000-0000-000000000001', 'MJ420', 'c0000000-0000-0000-0000-000000000003', 'C-FMJF', 'YYZ', 'YOW', '2026-03-29 18:00:00-04', '2026-03-29 19:15:00-04', NULL, NULL, 'scheduled', 'G2');

-- =============================================================================
-- Turnaround Events (for 5 flights at various stages)
-- =============================================================================

-- Flight MJ101 (YYZ, on_track) - through cleaning_end
INSERT INTO turnaround_events (organization_id, flight_id, event_type, event_sequence, logged_at, planned_time, notes) VALUES
  ('a0000000-0000-0000-0000-000000000001', 'e0000000-0000-0000-0000-000000000001', 'aircraft_arrival', 1, '2026-03-29 07:55:00-04', '2026-03-29 08:00:00-04', 'Arrived 5 min early'),
  ('a0000000-0000-0000-0000-000000000001', 'e0000000-0000-0000-0000-000000000001', 'door_open', 2, '2026-03-29 07:58:00-04', '2026-03-29 08:03:00-04', NULL),
  ('a0000000-0000-0000-0000-000000000001', 'e0000000-0000-0000-0000-000000000001', 'deplaning_start', 3, '2026-03-29 07:59:00-04', '2026-03-29 08:05:00-04', NULL),
  ('a0000000-0000-0000-0000-000000000001', 'e0000000-0000-0000-0000-000000000001', 'deplaning_end', 4, '2026-03-29 08:12:00-04', '2026-03-29 08:20:00-04', NULL),
  ('a0000000-0000-0000-0000-000000000001', 'e0000000-0000-0000-0000-000000000001', 'cleaning_start', 5, '2026-03-29 08:14:00-04', '2026-03-29 08:25:00-04', NULL),
  ('a0000000-0000-0000-0000-000000000001', 'e0000000-0000-0000-0000-000000000001', 'cleaning_end', 6, '2026-03-29 08:32:00-04', '2026-03-29 08:40:00-04', 'Transit clean completed');

-- Flight MJ205 (YYZ, delayed) - through deplaning_end only
INSERT INTO turnaround_events (organization_id, flight_id, event_type, event_sequence, logged_at, planned_time, notes) VALUES
  ('a0000000-0000-0000-0000-000000000001', 'e0000000-0000-0000-0000-000000000002', 'aircraft_arrival', 1, '2026-03-29 10:45:00-04', '2026-03-29 10:30:00-04', 'Arrived 15 min late'),
  ('a0000000-0000-0000-0000-000000000001', 'e0000000-0000-0000-0000-000000000002', 'door_open', 2, '2026-03-29 10:49:00-04', '2026-03-29 10:33:00-04', NULL),
  ('a0000000-0000-0000-0000-000000000001', 'e0000000-0000-0000-0000-000000000002', 'deplaning_start', 3, '2026-03-29 10:51:00-04', '2026-03-29 10:35:00-04', NULL),
  ('a0000000-0000-0000-0000-000000000001', 'e0000000-0000-0000-0000-000000000002', 'deplaning_end', 4, '2026-03-29 11:10:00-04', '2026-03-29 10:50:00-04', 'Delayed - wheelchair pax');

-- Flight MJ102 (YUL, completed) - all events
INSERT INTO turnaround_events (organization_id, flight_id, event_type, event_sequence, logged_at, planned_time, notes) VALUES
  ('a0000000-0000-0000-0000-000000000001', 'e0000000-0000-0000-0000-000000000005', 'aircraft_arrival', 1, '2026-03-29 08:50:00-04', '2026-03-29 09:00:00-04', NULL),
  ('a0000000-0000-0000-0000-000000000001', 'e0000000-0000-0000-0000-000000000005', 'door_open', 2, '2026-03-29 08:53:00-04', '2026-03-29 09:03:00-04', NULL),
  ('a0000000-0000-0000-0000-000000000001', 'e0000000-0000-0000-0000-000000000005', 'deplaning_start', 3, '2026-03-29 08:55:00-04', '2026-03-29 09:05:00-04', NULL),
  ('a0000000-0000-0000-0000-000000000001', 'e0000000-0000-0000-0000-000000000005', 'deplaning_end', 4, '2026-03-29 09:10:00-04', '2026-03-29 09:20:00-04', NULL),
  ('a0000000-0000-0000-0000-000000000001', 'e0000000-0000-0000-0000-000000000005', 'cleaning_start', 5, '2026-03-29 09:12:00-04', '2026-03-29 09:25:00-04', NULL),
  ('a0000000-0000-0000-0000-000000000001', 'e0000000-0000-0000-0000-000000000005', 'cleaning_end', 6, '2026-03-29 09:30:00-04', '2026-03-29 09:40:00-04', NULL),
  ('a0000000-0000-0000-0000-000000000001', 'e0000000-0000-0000-0000-000000000005', 'catering_confirmed', 7, '2026-03-29 09:35:00-04', '2026-03-29 09:45:00-04', NULL),
  ('a0000000-0000-0000-0000-000000000001', 'e0000000-0000-0000-0000-000000000005', 'fueling_confirmed', 8, '2026-03-29 09:40:00-04', '2026-03-29 09:50:00-04', NULL),
  ('a0000000-0000-0000-0000-000000000001', 'e0000000-0000-0000-0000-000000000005', 'boarding_start', 9, '2026-03-29 09:45:00-04', '2026-03-29 09:55:00-04', NULL),
  ('a0000000-0000-0000-0000-000000000001', 'e0000000-0000-0000-0000-000000000005', 'boarding_end', 10, '2026-03-29 10:10:00-04', '2026-03-29 10:15:00-04', NULL),
  ('a0000000-0000-0000-0000-000000000001', 'e0000000-0000-0000-0000-000000000005', 'door_close', 11, '2026-03-29 10:15:00-04', '2026-03-29 10:20:00-04', NULL),
  ('a0000000-0000-0000-0000-000000000001', 'e0000000-0000-0000-0000-000000000005', 'pushback', 12, '2026-03-29 10:25:00-04', '2026-03-29 10:30:00-04', 'On-time departure');

-- Flight MJ410 (YOW, completed) - all events
INSERT INTO turnaround_events (organization_id, flight_id, event_type, event_sequence, logged_at, planned_time, notes) VALUES
  ('a0000000-0000-0000-0000-000000000001', 'e0000000-0000-0000-0000-000000000008', 'aircraft_arrival', 1, '2026-03-29 07:25:00-04', '2026-03-29 07:30:00-04', NULL),
  ('a0000000-0000-0000-0000-000000000001', 'e0000000-0000-0000-0000-000000000008', 'door_open', 2, '2026-03-29 07:28:00-04', '2026-03-29 07:33:00-04', NULL),
  ('a0000000-0000-0000-0000-000000000001', 'e0000000-0000-0000-0000-000000000008', 'deplaning_start', 3, '2026-03-29 07:30:00-04', '2026-03-29 07:35:00-04', NULL),
  ('a0000000-0000-0000-0000-000000000001', 'e0000000-0000-0000-0000-000000000008', 'deplaning_end', 4, '2026-03-29 07:40:00-04', '2026-03-29 07:45:00-04', NULL),
  ('a0000000-0000-0000-0000-000000000001', 'e0000000-0000-0000-0000-000000000008', 'cleaning_start', 5, '2026-03-29 07:42:00-04', '2026-03-29 07:50:00-04', NULL),
  ('a0000000-0000-0000-0000-000000000001', 'e0000000-0000-0000-0000-000000000008', 'cleaning_end', 6, '2026-03-29 07:55:00-04', '2026-03-29 08:00:00-04', NULL),
  ('a0000000-0000-0000-0000-000000000001', 'e0000000-0000-0000-0000-000000000008', 'catering_confirmed', 7, '2026-03-29 07:58:00-04', '2026-03-29 08:05:00-04', NULL),
  ('a0000000-0000-0000-0000-000000000001', 'e0000000-0000-0000-0000-000000000008', 'fueling_confirmed', 8, '2026-03-29 08:00:00-04', '2026-03-29 08:10:00-04', NULL),
  ('a0000000-0000-0000-0000-000000000001', 'e0000000-0000-0000-0000-000000000008', 'boarding_start', 9, '2026-03-29 08:05:00-04', '2026-03-29 08:15:00-04', NULL),
  ('a0000000-0000-0000-0000-000000000001', 'e0000000-0000-0000-0000-000000000008', 'boarding_end', 10, '2026-03-29 08:25:00-04', '2026-03-29 08:30:00-04', NULL),
  ('a0000000-0000-0000-0000-000000000001', 'e0000000-0000-0000-0000-000000000008', 'door_close', 11, '2026-03-29 08:30:00-04', '2026-03-29 08:35:00-04', NULL),
  ('a0000000-0000-0000-0000-000000000001', 'e0000000-0000-0000-0000-000000000008', 'pushback', 12, '2026-03-29 08:40:00-04', '2026-03-29 08:45:00-04', NULL);

-- Flight NS550 (YOW, on_track) - through cleaning_start
INSERT INTO turnaround_events (organization_id, flight_id, event_type, event_sequence, logged_at, planned_time, notes) VALUES
  ('a0000000-0000-0000-0000-000000000001', 'e0000000-0000-0000-0000-000000000009', 'aircraft_arrival', 1, '2026-03-29 12:05:00-04', '2026-03-29 12:00:00-04', NULL),
  ('a0000000-0000-0000-0000-000000000001', 'e0000000-0000-0000-0000-000000000009', 'door_open', 2, '2026-03-29 12:08:00-04', '2026-03-29 12:03:00-04', NULL),
  ('a0000000-0000-0000-0000-000000000001', 'e0000000-0000-0000-0000-000000000009', 'deplaning_start', 3, '2026-03-29 12:10:00-04', '2026-03-29 12:05:00-04', NULL),
  ('a0000000-0000-0000-0000-000000000001', 'e0000000-0000-0000-0000-000000000009', 'deplaning_end', 4, '2026-03-29 12:22:00-04', '2026-03-29 12:20:00-04', NULL),
  ('a0000000-0000-0000-0000-000000000001', 'e0000000-0000-0000-0000-000000000009', 'cleaning_start', 5, '2026-03-29 12:24:00-04', '2026-03-29 12:25:00-04', NULL);

-- =============================================================================
-- Grooming Work Orders (3 work orders)
-- =============================================================================
INSERT INTO grooming_work_orders (id, organization_id, flight_id, aircraft_type_id, cleaning_level, standard_duration_min, actual_duration_min, required_agents, status, notes, started_at, completed_at) VALUES
  -- Completed transit clean for MJ101
  ('f0000000-0000-0000-0000-000000000001', 'a0000000-0000-0000-0000-000000000001', 'e0000000-0000-0000-0000-000000000001', 'c0000000-0000-0000-0000-000000000001', 'transit_clean', 15, 18, 3, 'completed', 'Standard transit clean', '2026-03-29 08:14:00-04', '2026-03-29 08:32:00-04'),
  -- In-progress full clean for MJ205
  ('f0000000-0000-0000-0000-000000000002', 'a0000000-0000-0000-0000-000000000001', 'e0000000-0000-0000-0000-000000000002', 'c0000000-0000-0000-0000-000000000002', 'full_clean', 35, NULL, 4, 'in_progress', 'Full clean required - inbound international', '2026-03-29 11:15:00-04', NULL),
  -- Pending transit clean for NS550
  ('f0000000-0000-0000-0000-000000000003', 'a0000000-0000-0000-0000-000000000001', 'e0000000-0000-0000-0000-000000000009', 'c0000000-0000-0000-0000-000000000005', 'transit_clean', 10, NULL, 2, 'pending', NULL, NULL, NULL);

-- =============================================================================
-- Damage Reports (2 at different approval stages)
-- =============================================================================

-- Report 1: Submitted, awaiting supervisor review (at YYZ)
INSERT INTO damage_reports (id, organization_id, flight_id, aircraft_registration, station_id, damage_location, description, severity, status, reported_by, supervisor_comments, created_at) VALUES
  ('10000000-0000-0000-0000-000000000001', 'a0000000-0000-0000-0000-000000000001', 'e0000000-0000-0000-0000-000000000001', 'C-FMJB', 'b0000000-0000-0000-0000-000000000001', 'Right wing leading edge', 'Scrape mark approximately 15cm long near wing tip. Paint removed but no structural damage visible.', 'minor', 'submitted', 'a0000000-0000-0000-0000-000000000001', NULL, '2026-03-29 08:35:00-04');

-- Report 2: Supervisor reviewed, pending manager approval (at YUL)
INSERT INTO damage_reports (id, organization_id, flight_id, aircraft_registration, station_id, damage_location, description, severity, status, reported_by, supervisor_id, supervisor_comments, supervisor_reviewed_at, created_at) VALUES
  ('10000000-0000-0000-0000-000000000002', 'a0000000-0000-0000-0000-000000000001', 'e0000000-0000-0000-0000-000000000005', 'C-FMJC', 'b0000000-0000-0000-0000-000000000002', 'Cargo door hinge', 'Forward cargo door hinge shows signs of wear. Hinge pin slightly loose. Recommend inspection before next departure.', 'moderate', 'supervisor_reviewed', 'a0000000-0000-0000-0000-000000000001', 'a0000000-0000-0000-0000-000000000001', 'Confirmed damage during visual inspection. Recommend grounding until maintenance review.', '2026-03-29 10:00:00-04', '2026-03-29 09:15:00-04');

-- Re-enable FK constraint checks
SET session_replication_role = 'origin';
